year,month,"Innodata Knowledge Services, Inc.",Hong Kong,University of Alberta,Internet Archive Headquarters,Datum Data Co. Ltd.,University of Toronto,Allen County Public Library Geneaology Center,British Library,UCLA,Princeton University,Boston Public Library,National Agricultural Library,Library of Congress,Columbia University,UNC Chapel Hill,Internt Archive Physical Archive,UIUC,National Library of Scotland,San Francisco Public Library,"University of Maryland, College Park",North Carolina State University,"BYU, Provo",Smithsonian Libraries and Archives,Georgetown University,Internet Archive Sheridan Headquarters ,Duke University,Brown University,"Natural History Museum Library, London",The Archive of Contemporary Music,"BYU, Hawaii","BYU, Idaho Family History Library",Getty Research Institute Valencia Warehouse,University of Florida,The Ohio State University,American Numismatic Society,Getty Research Institute,Ernst Mayr Library of the Museum of Comparative Zoology,University of Pretoria,The Servants of Knowledge,International Institute of Information Technology Hyderabad,California State Library,University of Chinese Academy of Sciences,Servants of Knowledge,Trent University,Universidad Francisco Marroqu√≠n,Analysis and Policy Observatory (APO),BookScanUS,American Museum of Natural History,State Library of Pennsylvania,Yiddish Book Center,Stanford University,Peabody Essex Museum,California Acaddemy of Sciences,"Centre for Strategic and International Studies, Jakarta",Zhejiang University,Clemson University,Osmania University,Kahle/Austin Foundation,John Hopkins University Library Offsite Storage,University of Victoria,Hopewell Junction,University of Warwick,Research Institute of Korean Studies,1 Dollar Scan
2001.0,12.0,0,0,0,0,0,0,0,0,0,0,0,0,0,0,0,0,1.0,0,0,0,0,0,0,0,0,0,0,0,0,0,0,0,0,0,0,0,0,0,0,0,0,0,0,0,0,0,0,0,0,0,0,0,0,0,0,0,0,0,0,0,0,0,0,0
2002.0,1.0,0,0,0,0,0,0,3.0,0,0,0,0,0,1.0,5.0,0,0,0,0,0,0,0,0,0,0,0,0,0,1.0,0,0,0,0,0,0,0,0,0,0,0,0,0,0,0,0,0,0,0,0,0,0,0,0,0,0,0,0,0,0,0,0,0,0,0,0
2006.0,3.0,0,0,0,0,0,0,0,0,0,0,0,0,0,0,0,100.0,0,0,0,0,0,0,0,0,2.0,0,0,0,0,0,0,0,0,0,0,0,0,0,0,0,0,0,0,0,0,0,0,0,0,0,0,0,0,0,0,0,0,0,0,0,0,0,0,0
2006.0,4.0,0,0,0,0,0,0,0,0,0,0,0,0,0,0,0,859.0,0,0,0,0,0,0,0,0,1.0,0,0,0,0,0,0,0,0,0,0,0,0,0,0,0,0,0,0,0,0,0,0,0,0,0,0,0,0,0,0,0,0,0,0,0,0,0,0,0
2006.0,5.0,0,0,0,0,0,286.0,0,0,0,0,0,0,0,0,0,1666.0,0,0,0,0,0,0,0,0,0,0,0,0,0,0,0,0,0,0,0,0,0,0,0,0,0,0,0,0,0,0,0,0,0,0,0,0,0,0,0,0,0,0,0,0,0,0,0,0
2006.0,6.0,0,0,0,0,0,676.0,0,0,0,0,0,0,0,0,0,1704.0,0,0,0,0,0,0,0,0,0,0,0,0,0,0,0,0,0,0,0,0,0,0,0,0,0,0,0,0,0,0,0,0,0,0,0,0,0,0,0,0,0,0,0,0,0,0,0,0
2006.0,7.0,0,0,0,0,0,1498.0,0,0,1.0,0,0,0,0,0,0,1739.0,0,0,0,0,0,0,0,0,0,0,0,0,0,0,0,0,0,0,0,0,0,0,0,0,0,0,0,0,0,0,0,0,0,0,0,0,0,0,0,0,0,0,0,0,0,0,0,0
2006.0,8.0,0,0,0,0,0,1542.0,0,0,362.0,0,0,0,0,0,0,866.0,0,0,0,0,0,0,0,0,0,0,0,0,0,0,0,0,0,0,0,0,0,0,0,0,0,0,0,0,0,0,0,0,0,0,0,0,0,0,0,0,0,0,0,0,0,0,0,0
2006.0,9.0,0,0,0,0,0,1984.0,0,0,1099.0,0,0,0,0,0,0,1618.0,0,0,0,0,0,0,0,0,0,0,0,0,0,0,0,0,0,0,0,0,0,0,0,0,0,0,0,0,0,0,0,0,0,0,0,0,0,0,0,0,0,0,0,0,0,0,0,0
2006.0,10.0,0,0,0,0,0,1753.0,0,0,1531.0,0,0,0,0,0,0,1534.0,0,0,0,0,0,0,0,0,0,0,0,0,0,0,0,0,0,0,0,0,0,0,0,0,0,0,0,0,0,0,0,0,0,0,0,0,0,0,0,0,0,0,0,0,0,0,0,0
2006.0,11.0,0,0,0,0,0,2942.0,0,0,1439.0,0,0,0,0,0,0,1912.0,0,0,0,0,0,0,0,0,1.0,0,0,0,0,0,0,0,0,0,0,0,0,0,0,0,0,0,0,0,0,0,0,0,0,0,0,0,0,0,0,0,0,0,0,0,0,0,0,0
2006.0,12.0,0,0,0,0,0,1439.0,0,0,1521.0,0,0,0,0,0,0,1764.0,0,0,0,0,0,0,0,0,0,0,0,0,0,0,0,0,0,0,0,0,0,0,0,0,0,0,0,0,0,0,0,0,0,0,0,0,0,0,0,0,0,0,0,0,0,0,0,0
2007.0,1.0,0,0,0,0,0,1584.0,0,0,1916.0,0,14.0,0,91.0,38.0,0,2270.0,0,0,0,0,0,0,0,0,1.0,0,0,0,0,0,0,0,0,0,0,0,0,0,0,0,0,0,0,0,0,0,0,0,0,0,0,0,0,0,0,0,0,0,0,0,0,0,0,0
2007.0,2.0,0,0,0,0,0,1969.0,0,0,1784.0,0,0,0,0,0,0,1894.0,26.0,0,0,0,0,0,0,0,0,0,0,0,0,0,0,0,0,0,0,0,0,0,0,0,0,0,0,0,0,0,0,0,0,0,0,0,0,0,0,0,0,0,0,0,0,0,0,0
2007.0,3.0,0,0,0,0,0,2489.0,0,0,2128.0,0,0,0,0,0,0,1835.0,179.0,0,0,0,0,0,0,0,0,0,0,10.0,0,0,0,0,0,0,0,0,0,0,0,0,0,0,0,0,0,0,0,0,0,0,0,0,0,0,0,0,0,0,0,0,0,0,0,0
2007.0,4.0,0,0,0,0,0,1670.0,0,0,1753.0,0,9.0,0,0,0,0,1049.0,167.0,0,0,0,0,0,0,0,0,0,0,40.0,0,0,0,0,0,0,0,0,0,0,0,0,0,0,0,0,0,0,0,0,0,0,0,0,0,0,0,0,0,0,0,0,0,0,0,0
2007.0,5.0,0,0,0,0,0,2042.0,0,0,1451.0,0,28.0,0,0,0,0,2658.0,167.0,0,0,0,0,0,0,0,2.0,0,0,3.0,0,0,0,0,0,0,0,0,0,0,0,0,0,0,0,0,0,0,0,0,0,0,0,0,0,0,0,0,0,0,0,0,0,0,0,0
2007.0,6.0,0,0,0,0,0,1782.0,0,0,1994.0,0,30.0,0,0,234.0,0,2073.0,119.0,0,0,0,0,0,0,0,1.0,0,0,6.0,0,0,0,0,0,0,0,0,0,0,0,0,0,0,0,0,0,0,0,0,0,0,0,0,0,0,0,0,0,0,0,0,0,0,0,0
2007.0,7.0,0,0,0,0,0,2024.0,0,0,1881.0,0,74.0,0,0,516.0,0,2181.0,68.0,0,0,0,0,0,0,0,2.0,0,0,14.0,0,0,0,0,0,0,0,0,0,0,0,0,0,0,0,0,0,0,0,0,0,0,0,0,0,0,0,0,0,0,0,0,0,0,0,0
2007.0,8.0,0,0,0,0,0,2610.0,0,0,2015.0,0,65.0,0,0,652.0,0,2463.0,172.0,0,0,0,0,0,14.0,0,4.0,0,0,11.0,0,0,0,0,0,0,0,0,0,0,0,0,0,0,0,0,0,0,0,0,0,0,0,0,0,0,0,0,0,0,0,0,0,0,0,0
2007.0,9.0,0,0,0,0,0,1916.0,0,0,1640.0,0,194.0,0,0,492.0,0,2574.0,144.0,0,0,0,0,0,23.0,0,0,0,0,24.0,0,0,0,0,0,0,0,0,0,0,0,0,0,0,0,0,0,0,0,0,0,0,0,0,0,0,0,0,0,0,0,0,0,0,0,0
2007.0,10.0,0,0,0,0,0,2713.0,0,0,1592.0,0,467.0,0,0,674.0,0,2603.0,828.0,0,0,0,0,0,7.0,0,2.0,0,0,36.0,0,0,0,0,0,0,0,0,0,0,0,0,0,0,0,0,0,0,0,0,0,0,0,0,0,0,0,0,0,0,0,0,0,0,0,0
2007.0,11.0,0,0,0,0,0,3033.0,0,0,1569.0,0,463.0,0,7.0,328.0,0,1837.0,298.0,0,0,53.0,0,0,3.0,0,2.0,0,0,26.0,0,0,0,0,0,0,0,0,0,0,0,0,0,0,0,0,0,0,0,0,0,0,0,0,0,0,0,0,0,0,0,0,0,0,0,0
2007.0,12.0,0,0,0,0,0,2466.0,0,0,1115.0,0,298.0,0,0,723.0,14.0,1398.0,225.0,0,0,34.0,0,0,11.0,0,0,0,0,2.0,0,0,0,0,0,0,0,0,0,0,0,0,0,0,0,0,0,0,0,0,0,0,0,0,0,0,0,0,0,0,0,0,0,0,0,0
2008.0,1.0,0,0,0,0,0,2394.0,0,0,1653.0,0,672.0,0,0,1132.0,7.0,1552.0,389.0,0,0,125.0,0,0,10.0,0,53.0,0,0,13.0,0,0,0,0,0,0,0,0,0,0,0,0,0,0,0,0,0,0,0,0,0,0,0,0,0,0,0,0,0,0,0,0,0,0,0,0
2008.0,2.0,0,0,0,0,0,3112.0,0,0,2106.0,0,692.0,0,0,870.0,103.0,1685.0,156.0,0,0,65.0,19.0,0,0,0,0,0,0,38.0,0,0,0,0,0,0,0,0,0,0,0,0,0,0,0,0,0,0,0,0,0,0,0,0,0,0,0,0,0,0,0,0,0,0,0,0
2008.0,3.0,0,0,0,0,0,2199.0,0,0,1921.0,0,841.0,0,82.0,622.0,94.0,1898.0,224.0,0,0,66.0,27.0,0,2.0,0,0,0,0,38.0,0,0,0,0,0,0,0,0,0,0,0,0,0,0,0,0,0,0,0,0,0,0,0,0,0,0,0,0,0,0,0,0,0,0,0,0
2008.0,4.0,0,0,0,0,0,2314.0,0,0,1888.0,59.0,836.0,0,536.0,538.0,49.0,1340.0,284.0,0,0,90.0,30.0,0,1.0,0,0,0,0,77.0,0,0,0,0,0,0,0,0,0,0,0,0,0,0,0,0,0,0,0,0,0,0,0,0,0,0,0,0,0,0,0,0,0,0,0,0
2008.0,5.0,0,0,0,0,0,2100.0,31.0,0,1454.0,422.0,995.0,0,1482.0,701.0,20.0,1627.0,400.0,0,0,94.0,34.0,0,3.0,0,9.0,0,0,73.0,0,0,0,0,0,0,0,0,0,0,0,0,0,0,0,0,0,0,0,0,0,0,0,0,0,0,0,0,0,0,0,0,0,0,0,0
2008.0,6.0,0,0,0,0,0,2233.0,285.0,0,1164.0,755.0,913.0,0,2216.0,1036.0,33.0,1440.0,255.0,0,0,53.0,20.0,0,2.0,0,171.0,0,0,83.0,0,0,0,0,0,0,0,0,0,0,0,0,0,0,0,0,0,0,0,0,0,0,0,0,0,0,0,0,0,0,0,0,0,0,0,0
2008.0,7.0,0,0,0,0,0,1759.0,286.0,0,1446.0,619.0,1218.0,0,1507.0,821.0,134.0,1326.0,178.0,0,0,55.0,8.0,0,3.0,0,49.0,0,0,86.0,0,0,0,0,0,0,0,0,0,0,0,0,0,0,0,0,0,0,0,0,0,0,0,0,0,0,0,0,0,0,0,0,0,0,0,0
2008.0,8.0,0,0,0,0,0,2318.0,286.0,0,1893.0,526.0,1056.0,0,1083.0,1365.0,49.0,1271.0,181.0,10.0,0,83.0,10.0,0,22.0,0,2.0,0,0,58.0,0,0,0,0,0,0,0,0,0,0,0,0,0,0,0,0,0,0,0,0,0,0,0,0,0,0,0,0,0,0,0,0,0,0,0,0
2008.0,9.0,0,0,0,0,0,2669.0,296.0,0,1740.0,611.0,1690.0,0,745.0,1492.0,234.0,1029.0,273.0,101.0,0,93.0,34.0,0,6.0,0,0,0,0,108.0,0,0,0,0,0,0,0,0,0,0,0,0,0,0,0,0,0,0,0,0,0,0,0,0,0,0,0,0,0,0,0,0,0,0,0,0
2008.0,10.0,0,0,0,0,0,2849.0,166.0,0,1557.0,535.0,556.0,0,765.0,651.0,237.0,743.0,103.0,181.0,0,120.0,39.0,0,25.0,0,0,0,0,62.0,0,0,0,0,0,0,0,0,0,0,0,0,0,0,0,0,0,0,0,0,0,0,0,0,0,0,0,0,0,0,0,0,0,0,0,0
2008.0,11.0,0,0,0,0,0,2268.0,86.0,0,800.0,282.0,289.0,0,751.0,464.0,53.0,259.0,68.0,72.0,0,57.0,74.0,0,30.0,0,0,0,0,54.0,0,0,0,0,0,0,0,0,0,0,0,0,0,0,0,0,0,0,0,0,0,0,0,0,0,0,0,0,0,0,0,0,0,0,0,0
2008.0,12.0,0,0,0,0,0,1400.0,257.0,0,863.0,420.0,363.0,0,1008.0,968.0,65.0,379.0,24.0,171.0,0,60.0,55.0,0,73.0,0,0,0,0,36.0,0,0,0,0,0,0,0,0,0,0,0,0,0,0,0,0,0,0,0,0,0,0,0,0,0,0,0,0,0,0,0,0,0,0,0,0
2009.0,1.0,0,0,0,0,0,2141.0,281.0,0,971.0,425.0,497.0,0,856.0,682.0,117.0,335.0,68.0,104.0,0,38.0,97.0,0,54.0,0,0,1.0,0,21.0,0,0,0,0,0,0,0,0,0,0,0,0,0,0,0,0,1.0,0,0,0,0,0,0,0,0,0,0,0,0,0,0,0,0,0,0,0
2009.0,2.0,0,0,0,0,0,1709.0,282.0,0,628.0,343.0,483.0,0,1080.0,473.0,147.0,354.0,243.0,85.0,0,0,56.0,0,54.0,0,1.0,0,0,66.0,0,0,0,0,0,0,0,0,0,0,0,0,0,0,0,0,3.0,0,0,0,0,0,0,0,0,0,0,0,0,0,0,0,0,0,0,0
2009.0,3.0,0,0,0,0,0,2216.0,292.0,0,619.0,339.0,746.0,0,1311.0,309.0,138.0,128.0,402.0,81.0,0,0,5.0,0,56.0,0,0,0,0,70.0,0,0,0,0,0,0,0,0,0,0,0,0,0,0,0,0,8.0,0,0,0,0,0,0,0,0,0,0,0,0,0,0,0,0,0,0,0
2009.0,4.0,0,0,0,0,0,1689.0,377.0,0,1023.0,293.0,736.0,0,1308.0,235.0,156.0,348.0,126.0,259.0,0,0,5.0,0,34.0,0,0,0,0,70.0,0,0,0,0,0,0,0,0,0,0,0,0,0,0,0,0,5.0,0,0,0,0,0,0,0,0,0,0,0,0,0,0,0,0,0,0,0
2009.0,5.0,0,0,0,0,0,1638.0,378.0,0,1019.0,330.0,788.0,0,1522.0,233.0,62.0,300.0,158.0,101.0,0,0,42.0,0,40.0,0,0,0,0,71.0,0,0,0,0,0,0,0,0,0,0,0,0,0,0,0,0,1.0,0,0,0,0,0,0,0,0,0,0,0,0,0,0,0,0,0,0,0
2009.0,6.0,0,0,0,0,0,2924.0,339.0,0,1238.0,269.0,1073.0,0,1940.0,60.0,52.0,224.0,135.0,69.0,0,0,43.0,13.0,69.0,0,0,0,0,54.0,0,0,0,0,0,0,0,0,0,0,0,0,0,0,0,0,2.0,0,0,0,0,0,0,0,0,0,0,0,0,0,0,0,0,0,0,0
2009.0,7.0,0,0,0,6.0,4.0,1735.0,338.0,0,1336.0,232.0,546.0,0,3514.0,203.0,34.0,783.0,170.0,162.0,0,0,37.0,72.0,64.0,0,57.0,0,0,55.0,0,0,0,0,0,0,0,0,0,0,0,0,0,0,0,0,0,0,0,0,0,0,0,0,0,0,0,0,0,0,0,0,0,0,0,0
2009.0,8.0,0,0,0,8.0,0,1493.0,279.0,0,1242.0,155.0,587.0,0,1951.0,130.0,54.0,1442.0,138.0,86.0,0,0,21.0,44.0,49.0,0,357.0,0,0,42.0,0,0,0,0,0,0,0,0,0,0,0,0,0,0,0,0,1.0,0,0,0,0,0,0,0,0,0,0,0,0,0,0,0,0,0,0,0
2009.0,9.0,0,1.0,0,8.0,0,1749.0,312.0,0,970.0,77.0,150.0,0,1604.0,424.0,51.0,1366.0,149.0,0,0,0,42.0,30.0,43.0,0,473.0,0,0,56.0,0,0,0,0,0,0,0,0,0,0,0,0,0,0,0,0,2.0,0,0,0,0,0,0,0,0,0,0,0,0,0,0,0,0,0,0,0
2009.0,10.0,0,0,0,986.0,0,1461.0,220.0,0,1305.0,126.0,289.0,0,1073.0,301.0,23.0,857.0,148.0,4.0,0,0,81.0,38.0,35.0,0,8.0,0,0,40.0,0,0,0,0,0,0,0,0,0,0,0,0,0,0,0,0,0,0,0,0,0,0,0,0,0,0,0,0,0,0,0,0,0,0,0,0
2009.0,11.0,0,0,0,2184.0,0,1415.0,209.0,0,1153.0,146.0,287.0,0,1169.0,441.0,23.0,17.0,135.0,1.0,0,0,39.0,51.0,13.0,0,0,0,0,6.0,0,0,0,0,0,0,0,0,0,0,0,0,0,0,0,0,2.0,0,0,0,0,0,0,0,0,0,0,0,0,0,0,0,0,0,0,0
2009.0,12.0,0,1.0,0,2166.0,0,1765.0,289.0,0,938.0,233.0,319.0,0,909.0,544.0,46.0,0,169.0,1.0,0,0,33.0,15.0,32.0,0,0,0,0,3.0,0,0,0,0,0,0,0,0,0,0,0,0,0,0,0,0,2.0,0,0,0,0,0,0,0,0,0,0,0,0,0,0,0,0,0,0,0
2010.0,1.0,0,0,0,3471.0,0,1661.0,337.0,0,1123.0,156.0,290.0,0,908.0,587.0,45.0,0,128.0,0,0,0,13.0,47.0,44.0,0,0,0,0,16.0,0,0,0,0,0,0,0,0,0,0,0,0,0,0,0,0,1.0,0,0,0,0,0,0,0,0,0,0,0,0,0,0,0,0,0,0,0
2010.0,2.0,0,1.0,0,4420.0,0,1994.0,442.0,0,1014.0,100.0,505.0,0,828.0,126.0,10.0,0,133.0,3.0,0,0,43.0,54.0,31.0,0,0,0,0,42.0,0,0,0,0,0,0,0,0,0,0,0,0,0,0,0,0,0,0,0,0,0,0,0,0,0,0,0,0,0,0,0,0,0,0,0,0
2010.0,3.0,0,0,0,5408.0,3.0,2359.0,347.0,0,1285.0,256.0,640.0,0,881.0,337.0,47.0,1.0,143.0,2.0,0,0,61.0,67.0,20.0,0,0,0,27.0,25.0,0,0,0,0,0,0,0,0,0,0,0,0,0,0,0,0,0,0,0,0,0,0,0,0,0,0,0,0,0,0,0,0,0,0,0,0
2010.0,4.0,0,0,1.0,5832.0,22.0,2361.0,286.0,0,1050.0,135.0,404.0,0,1404.0,147.0,32.0,0,123.0,2.0,0,0,0,60.0,22.0,0,0,42.0,98.0,19.0,0,0,0,0,0,0,0,0,0,0,0,0,0,0,0,0,0,0,0,0,0,0,0,0,0,0,0,0,0,0,0,0,0,0,0,0
2010.0,5.0,0,0,0,5081.0,0,2281.0,248.0,0,852.0,162.0,446.0,0,517.0,374.0,0,0,354.0,2.0,0,0,0,96.0,14.0,0,0,77.0,52.0,23.0,0,0,0,0,0,0,0,0,0,0,0,0,0,0,0,0,0,0,0,0,0,0,0,0,0,0,0,0,0,0,0,0,0,0,0,0
2010.0,6.0,0,1.0,0,5208.0,0,2620.0,384.0,0,976.0,432.0,310.0,0,570.0,356.0,29.0,0,144.0,0,0,0,0,114.0,10.0,0,0,50.0,104.0,23.0,0,0,0,0,0,0,0,0,0,0,0,0,0,0,0,0,0,0,0,0,0,0,0,0,0,0,0,0,0,0,0,0,0,0,0,0
2010.0,7.0,0,1.0,0,4833.0,70.0,2942.0,255.0,0,857.0,133.0,483.0,0,804.0,228.0,141.0,0,39.0,0,0,0,0,92.0,10.0,0,0,49.0,134.0,20.0,0,0,0,0,0,0,0,0,0,0,0,0,0,0,0,0,1.0,0,0,0,0,0,0,0,0,0,0,0,0,0,0,0,0,0,0,0
2010.0,8.0,0,0,0,5303.0,176.0,2012.0,155.0,0,860.0,87.0,547.0,0,1297.0,298.0,85.0,0,86.0,0,0,0,0,86.0,14.0,0,0,96.0,88.0,28.0,0,0,0,0,0,0,0,0,0,0,0,0,0,0,0,0,0,0,0,0,0,0,0,0,0,0,0,0,0,0,0,0,0,0,0,0
2010.0,9.0,0,0,0,5420.0,357.0,2111.0,155.0,0,917.0,27.0,1409.0,0,426.0,418.0,168.0,0,36.0,26.0,0,0,0,122.0,4.0,0,0,1.0,98.0,3.0,0,0,0,0,0,0,0,0,0,0,0,0,0,1.0,0,0,0,0,0,0,0,0,0,0,0,0,0,0,0,0,0,0,0,0,0,0
2010.0,10.0,0,0,0,4635.0,153.0,2041.0,182.0,0,973.0,100.0,309.0,0,420.0,374.0,86.0,0,38.0,36.0,0,0,0,235.0,4.0,0,0,149.0,49.0,0,0,0,0,0,0,0,0,0,0,0,0,0,0,4.0,0,0,0,0,0,0,0,0,0,0,0,0,0,0,0,0,0,0,0,0,0,0
2010.0,11.0,0,0,0,433.0,785.0,2405.0,100.0,0,988.0,200.0,368.0,0,850.0,82.0,92.0,0,32.0,2.0,0,0,0,159.0,7.0,0,0,20.0,150.0,0,0,0,0,0,0,0,0,0,0,0,0,0,0,12.0,0,0,0,0,0,0,0,0,0,0,0,0,0,0,0,0,0,0,0,0,0,0
2010.0,12.0,0,0,0,457.0,2248.0,1899.0,84.0,0,408.0,235.0,530.0,0,632.0,232.0,48.0,0,59.0,10.0,0,0,0,85.0,18.0,0,0,327.0,103.0,0,0,0,0,0,0,0,0,0,0,0,0,0,0,22.0,0,0,0,0,0,0,0,0,0,0,0,0,0,0,0,0,0,0,0,0,0,0
2011.0,1.0,0,0,0,267.0,2283.0,3723.0,133.0,0,52.0,276.0,610.0,0,750.0,330.0,171.0,0,62.0,20.0,0,0,0,131.0,15.0,0,0,464.0,96.0,0,0,0,0,0,0,0,0,0,0,0,0,0,0,2.0,0,0,0,0,0,0,0,0,0,0,0,0,0,0,0,0,0,0,0,0,0,0
2011.0,2.0,0,0,0,1318.0,1936.0,1999.0,92.0,0,49.0,76.0,578.0,0,724.0,22.0,45.0,0,94.0,37.0,0,0,0,98.0,2.0,0,0,234.0,91.0,0,0,0,0,0,0,0,0,0,0,0,0,0,0,3.0,0,0,0,0,0,0,0,0,0,0,0,0,0,0,0,0,0,0,0,0,0,0
2011.0,3.0,0,0,0,1678.0,5093.0,2998.0,98.0,0,106.0,211.0,710.0,0,759.0,34.0,61.0,0,301.0,2.0,0,0,0,176.0,11.0,0,0,102.0,101.0,16.0,0,0,0,0,0,0,0,0,0,0,0,0,0,1.0,0,0,0,0,0,0,0,0,0,0,0,0,0,0,0,0,0,0,0,0,0,0
2011.0,4.0,0,0,0,1435.0,7451.0,2857.0,160.0,0,113.0,140.0,1087.0,0,1207.0,88.0,114.0,0,94.0,7.0,0,0,0,287.0,12.0,0,0,94.0,44.0,23.0,0,0,0,0,0,0,0,0,0,0,0,0,0,7.0,0,0,0,0,0,0,0,0,0,0,0,0,0,0,0,0,0,0,0,0,0,0
2011.0,5.0,0,0,0,1404.0,5233.0,3608.0,156.0,0,109.0,391.0,1076.0,0,1489.0,41.0,80.0,0,35.0,8.0,0,0,0,491.0,12.0,0,0,80.0,58.0,11.0,0,0,0,0,0,0,0,0,0,0,0,0,0,3.0,0,0,0,0,0,0,0,0,0,0,0,0,0,0,0,0,0,0,0,0,0,0
2011.0,6.0,0,0,0,963.0,6528.0,2846.0,13.0,0,80.0,319.0,790.0,0,1646.0,0,204.0,1.0,120.0,10.0,0,0,0,593.0,26.0,0,0,126.0,93.0,16.0,0,0,3.0,0,0,0,0,0,0,0,0,0,0,1.0,0,0,0,0,0,0,0,0,0,0,0,0,0,0,0,0,0,0,0,0,0,0
2011.0,7.0,0,0,0,983.0,9407.0,1927.0,2.0,0,87.0,203.0,921.0,0,1766.0,1.0,86.0,0,126.0,1.0,0,0,0,375.0,28.0,0,0,118.0,164.0,13.0,47.0,6.0,6.0,0,0,0,0,0,0,0,0,0,0,1.0,0,0,0,0,0,0,0,0,0,0,0,0,1.0,0,0,0,0,0,0,0,0,0
2011.0,8.0,0,0,0,1242.0,8979.0,862.0,28.0,0,43.0,126.0,533.0,0,1112.0,0,58.0,0,18.0,6.0,0,0,0,231.0,25.0,0,0,77.0,83.0,40.0,44.0,8.0,18.0,0,0,0,0,0,0,0,0,0,0,0,0,0,0,0,0,0,0,0,0,0,0,0,0,0,0,0,0,0,0,0,0,0
2011.0,9.0,0,0,0,998.0,8988.0,606.0,172.0,0,67.0,249.0,306.0,0,953.0,0,183.0,0,64.0,0,0,0,0,56.0,6.0,0,0,85.0,125.0,11.0,50.0,11.0,1.0,0,0,0,0,0,0,0,0,0,0,0,0,0,0,0,0,0,0,0,0,0,0,0,0,0,0,0,0,0,0,0,0,0
2011.0,10.0,0,1.0,0,1184.0,10281.0,158.0,252.0,0,76.0,316.0,320.0,0,739.0,0,295.0,0,186.0,0,7.0,0,0,48.0,5.0,0,0,109.0,116.0,0,68.0,2.0,2.0,0,0,0,0,0,0,0,0,0,3.0,0,0,0,0,0,0,0,0,0,0,0,0,0,0,0,0,0,0,0,0,0,0,0
2011.0,11.0,0,1.0,0,1215.0,9638.0,257.0,172.0,0,57.0,85.0,502.0,0,778.0,0,60.0,0,302.0,56.0,13.0,0,0,372.0,15.0,0,0,104.0,65.0,11.0,68.0,9.0,5.0,0,0,0,0,0,0,0,0,0,0,0,0,0,0,0,0,0,0,0,0,0,0,0,0,0,0,0,0,0,0,0,0,0
2011.0,12.0,0,0,0,1058.0,8875.0,306.0,85.0,0,39.0,71.0,222.0,0,694.0,0,47.0,0,430.0,45.0,14.0,0,0,130.0,10.0,0,0,53.0,13.0,19.0,25.0,6.0,9.0,0,0,0,0,0,0,0,0,0,4.0,0,0,0,0,0,0,0,0,0,0,0,0,0,0,0,0,0,0,0,0,0,0,0
2012.0,1.0,0,1.0,0,1456.0,3122.0,432.0,196.0,0,37.0,192.0,438.0,0,818.0,0,159.0,0,407.0,40.0,40.0,0,0,125.0,13.0,0,0,6.0,35.0,0,45.0,0,35.0,0,0,0,0,0,0,0,0,0,4.0,0,0,0,0,0,0,0,0,1.0,0,0,0,0,0,0,0,0,0,0,0,0,0,0
2012.0,2.0,0,1.0,0,1027.0,7443.0,1115.0,224.0,0,30.0,251.0,400.0,0,548.0,0,105.0,0,187.0,58.0,5.0,0,0,214.0,34.0,0,0,32.0,38.0,0,49.0,0,22.0,0,0,0,0,0,0,0,0,0,17.0,0,0,0,0,0,0,0,0,0,0,0,0,0,0,0,0,0,0,0,0,0,0,0
2012.0,3.0,0,0,0,1156.0,12532.0,305.0,372.0,0,43.0,300.0,614.0,0,998.0,0,141.0,5.0,221.0,4.0,4.0,0,0,361.0,56.0,0,0,3.0,50.0,0,81.0,1.0,4.0,0,0,0,0,0,0,0,0,0,7.0,0,0,0,0,0,0,0,0,1.0,0,0,0,0,0,0,0,0,0,0,0,0,0,0
2012.0,4.0,0,0,0,679.0,12647.0,303.0,302.0,0,40.0,297.0,218.0,0,1041.0,0,393.0,0,187.0,31.0,12.0,0,0,140.0,23.0,0,0,6.0,36.0,0,74.0,2.0,23.0,0,0,0,0,0,0,0,0,0,0,0,0,0,0,0,0,0,0,1.0,0,0,0,0,0,1.0,0,0,0,0,0,0,0,0
2012.0,5.0,0,0,0,848.0,13728.0,241.0,347.0,0,50.0,270.0,407.0,0,884.0,0,483.0,18.0,183.0,9.0,48.0,0,0,151.0,36.0,0,0,1.0,12.0,2.0,60.0,1.0,27.0,0,0,0,0,0,0,0,0,0,0,0,0,0,0,0,0,0,0,1.0,0,0,0,0,0,0,0,0,0,0,0,0,0,0
2012.0,6.0,0,0,0,558.0,11946.0,266.0,393.0,0,43.0,91.0,211.0,0,1060.0,0,454.0,153.0,296.0,2.0,26.0,0,0,117.0,30.0,0,0,27.0,10.0,6.0,60.0,22.0,15.0,0,0,0,0,0,0,0,0,0,0,0,0,0,0,0,0,0,0,0,0,0,0,0,0,0,0,0,0,0,0,0,0,0
2012.0,7.0,0,1.0,0,653.0,11919.0,361.0,58.0,0,21.0,325.0,340.0,0,985.0,0,376.0,71.0,361.0,11.0,48.0,0,0,154.0,30.0,0,0,46.0,21.0,10.0,48.0,4.0,16.0,0,0,0,0,0,0,0,0,0,0,0,0,0,0,0,0,0,0,0,0,0,0,0,0,0,0,0,0,0,0,0,0,0
2012.0,8.0,0,2.0,0,1271.0,15610.0,698.0,145.0,0,31.0,579.0,83.0,0,1370.0,0,416.0,131.0,510.0,31.0,92.0,0,0,5.0,43.0,0,0,59.0,16.0,11.0,42.0,1.0,22.0,0,0,0,0,0,0,0,0,0,0,0,0,0,0,0,0,0,0,1.0,0,0,0,0,0,0,0,0,0,0,0,0,0,0
2012.0,9.0,0,2.0,0,1154.0,13648.0,627.0,98.0,0,35.0,419.0,28.0,0,902.0,0,112.0,0,181.0,5.0,16.0,0,0,90.0,40.0,0,0,23.0,25.0,1.0,11.0,2.0,20.0,0,0,0,0,0,0,0,0,0,0,0,0,0,0,0,0,0,0,0,0,0,0,0,0,0,0,0,0,0,0,0,0,0
2012.0,10.0,0,0,0,1596.0,7784.0,934.0,155.0,0,33.0,401.0,101.0,0,1165.0,0,80.0,0,423.0,7.0,10.0,0,0,120.0,29.0,0,0,50.0,16.0,1.0,49.0,3.0,4.0,0,0,0,0,0,0,0,0,0,0,0,0,0,0,0,0,0,0,0,0,0,0,0,0,0,0,0,0,0,0,0,0,0
2012.0,11.0,0,0,0,1248.0,35.0,720.0,167.0,0,24.0,569.0,245.0,0,949.0,0,116.0,0,210.0,16.0,22.0,0,0,82.0,11.0,0,0,62.0,27.0,41.0,27.0,3.0,3.0,0,0,0,0,0,0,0,0,0,0,0,0,0,0,0,0,0,0,0,0,0,0,0,0,0,0,0,0,0,0,0,0,0
2012.0,12.0,0,1.0,0,897.0,1932.0,284.0,68.0,0,16.0,302.0,846.0,41.0,442.0,0,6.0,0,182.0,4.0,16.0,0,0,53.0,16.0,0,0,64.0,30.0,1.0,21.0,0,16.0,0,0,0,0,0,0,0,0,0,0,0,0,0,0,0,0,0,0,0,0,0,0,0,0,0,0,0,0,0,0,0,0,0
2013.0,1.0,0,0,0,1264.0,801.0,879.0,161.0,0,16.0,410.0,564.0,628.0,507.0,0,93.0,0,319.0,1.0,60.0,0,0,28.0,29.0,0,0,95.0,4.0,3.0,40.0,1.0,16.0,0,0,0,0,0,0,0,0,0,0,0,0,0,0,0,0,0,0,0,0,0,0,0,0,0,0,0,0,0,0,0,0,0
2013.0,2.0,0,0,0,764.0,118.0,740.0,102.0,0,31.0,160.0,676.0,228.0,372.0,0,172.0,0,173.0,5.0,45.0,0,0,81.0,8.0,0,0,90.0,13.0,1.0,15.0,0,23.0,0,0,0,0,0,0,0,0,0,0,0,0,0,0,0,0,0,0,0,0,0,0,0,0,0,0,0,0,0,0,0,0,0
2013.0,3.0,0,0,0,708.0,751.0,627.0,91.0,0,39.0,305.0,454.0,130.0,560.0,0,164.0,0,479.0,35.0,48.0,0,0,132.0,77.0,0,0,98.0,55.0,26.0,20.0,1.0,3.0,0,0,0,0,0,0,0,0,0,0,0,0,0,0,0,0,0,0,0,0,0,0,0,0,0,0,0,0,0,0,0,0,0
2013.0,4.0,0,0,0,685.0,911.0,807.0,213.0,0,32.0,408.0,241.0,1125.0,523.0,0,359.0,0,181.0,23.0,63.0,0,0,20.0,12.0,0,0,76.0,122.0,19.0,9.0,0,5.0,0,0,0,0,0,0,0,0,0,0,0,0,0,0,0,0,0,0,0,0,0,0,0,0,0,0,0,0,0,0,0,0,0
2013.0,5.0,0,0,0,806.0,113.0,298.0,140.0,0,16.0,118.0,105.0,2201.0,650.0,0,77.0,0,113.0,3.0,71.0,0,0,44.0,19.0,0,0,60.0,160.0,30.0,20.0,1.0,0,0,0,0,0,0,0,0,0,0,0,0,0,0,0,0,0,0,0,0,0,0,0,0,0,0,0,0,0,0,0,0,0,0
2013.0,6.0,0,1.0,0,632.0,628.0,348.0,13.0,0,16.0,102.0,158.0,1301.0,274.0,0,280.0,16.0,14.0,0,1.0,0,0,276.0,39.0,0,0,54.0,92.0,12.0,16.0,0,3.0,0,0,0,0,0,0,0,0,0,0,0,0,0,0,0,0,0,0,0,0,0,0,0,0,0,0,0,0,0,0,0,0,0
2013.0,7.0,0,13.0,0,554.0,875.0,129.0,1.0,0,12.0,68.0,219.0,1853.0,390.0,0,122.0,22.0,76.0,2.0,4.0,0,0,372.0,19.0,0,0,32.0,3.0,3.0,34.0,0,0,11.0,0,0,0,0,0,0,0,0,0,0,0,0,0,0,0,0,0,0,0,0,0,0,0,0,0,0,0,0,0,0,0,0
2013.0,8.0,0,28.0,0,469.0,628.0,351.0,2.0,0,15.0,64.0,334.0,1709.0,192.0,0,111.0,0,19.0,11.0,3.0,0,0,277.0,6.0,0,0,39.0,19.0,1.0,19.0,1.0,0,107.0,0,0,0,0,0,0,0,0,0,0,0,0,0,0,0,0,0,0,0,0,0,0,0,0,0,0,0,0,0,0,0,0
2013.0,9.0,0,132.0,0,541.0,900.0,715.0,2.0,0,0,80.0,78.0,1141.0,346.0,0,267.0,0,60.0,7.0,32.0,0,0,32.0,25.0,0,0,38.0,85.0,1.0,0,7.0,0,106.0,0,0,0,0,0,0,0,0,0,0,0,0,0,0,0,0,0,0,0,0,0,0,0,0,0,0,0,0,0,0,0,0
2013.0,10.0,0,0,0,748.0,1573.0,594.0,4.0,0,15.0,135.0,165.0,233.0,119.0,0,124.0,0,97.0,9.0,70.0,0,0,27.0,11.0,0,0,47.0,149.0,0,6.0,12.0,0,141.0,0,0,0,0,0,0,0,0,0,0,0,0,0,0,0,0,0,0,0,0,0,0,0,0,0,0,0,0,0,0,0,0
2013.0,11.0,0,0,0,209.0,1616.0,734.0,5.0,0,10.0,130.0,258.0,885.0,453.0,0,29.0,0,77.0,9.0,99.0,0,0,11.0,24.0,0,0,58.0,83.0,2.0,6.0,7.0,0,93.0,0,0,0,0,0,0,0,0,0,0,0,0,0,0,0,0,0,0,0,0,0,0,0,0,0,0,0,0,0,0,0,0
2013.0,12.0,0,0,0,331.0,2039.0,412.0,6.0,0,25.0,282.0,161.0,1145.0,307.0,0,45.0,0,45.0,15.0,64.0,0,0,0,6.0,0,0,40.0,131.0,2.0,4.0,7.0,0,12.0,0,0,0,0,0,0,0,0,0,0,0,0,0,0,0,0,0,0,0,0,0,0,0,0,0,0,0,0,0,0,0,0
2014.0,1.0,0,0,0,343.0,1869.0,923.0,55.0,14.0,40.0,548.0,152.0,1313.0,633.0,0,32.0,0,50.0,15.0,31.0,0,0,88.0,21.0,0,0,37.0,87.0,14.0,16.0,5.0,0,78.0,0,0,0,0,0,0,0,0,0,0,0,0,0,0,0,0,0,0,0,0,0,0,0,0,0,0,0,0,0,0,0,0
2014.0,2.0,0,0,0,383.0,239.0,826.0,171.0,44.0,53.0,333.0,252.0,1403.0,560.0,0,42.0,0,74.0,10.0,68.0,0,0,8.0,19.0,0,0,35.0,46.0,16.0,7.0,2.0,0,98.0,0,0,0,0,0,0,0,0,0,0,0,0,0,0,0,0,0,0,0,0,0,0,0,0,0,0,0,0,0,0,0,0
2014.0,3.0,0,0,0,352.0,1812.0,922.0,64.0,43.0,35.0,753.0,248.0,1153.0,630.0,0,100.0,0,64.0,0,65.0,0,0,0,24.0,0,0,50.0,34.0,4.0,0,7.0,0,104.0,0,0,0,0,0,0,0,0,0,0,0,0,0,0,0,0,0,0,0,0,0,0,0,0,0,0,0,0,0,0,0,0
2014.0,4.0,0,0,0,596.0,1625.0,815.0,57.0,55.0,55.0,126.0,106.0,403.0,493.0,0,423.0,0,45.0,0,153.0,0,0,1.0,33.0,0,0,103.0,61.0,3.0,3.0,0,0,111.0,0,0,0,0,0,0,0,0,0,0,0,0,0,0,0,0,0,0,0,0,0,0,0,0,0,0,0,0,0,0,0,0
2014.0,5.0,0,0,0,281.0,1186.0,740.0,51.0,84.0,65.0,138.0,617.0,738.0,289.0,0,65.0,0,18.0,0,100.0,0,0,24.0,33.0,0,0,34.0,36.0,10.0,9.0,0,0,146.0,0,0,0,0,0,0,0,0,0,0,0,0,0,0,0,0,0,0,0,0,0,0,0,1.0,0,0,0,0,0,0,0,0
2014.0,6.0,0,1.0,0,297.0,1148.0,777.0,239.0,79.0,75.0,336.0,239.0,1205.0,220.0,0,193.0,0,117.0,0,139.0,0,0,7.0,28.0,0,0,33.0,22.0,0,9.0,0,0,183.0,0,0,0,0,0,0,0,0,1.0,0,0,0,0,0,0,0,2.0,0,0,0,0,0,0,0,0,0,0,0,0,0,0,0
2014.0,7.0,0,0,0,288.0,680.0,650.0,55.0,69.0,60.0,180.0,118.0,984.0,211.0,0,340.0,0,146.0,0,95.0,0,0,2.0,28.0,0,0,70.0,57.0,10.0,7.0,0,0,198.0,0,0,0,0,0,0,0,0,0,0,0,0,0,0,0,0,0,0,0,0,0,0,0,0,0,0,0,0,1.0,0,0,0
2014.0,8.0,0,0,0,175.0,1096.0,542.0,4.0,6.0,43.0,410.0,209.0,1006.0,337.0,0,442.0,86.0,14.0,0,33.0,0,0,1.0,39.0,0,0,45.0,41.0,7.0,1.0,3.0,0,115.0,0,0,0,0,0,0,0,0,0,0,0,0,0,0,0,0,0,0,0,0,0,0,0,0,0,0,0,0,0,0,0,0
2014.0,9.0,0,0,0,112.0,1658.0,420.0,18.0,19.0,59.0,213.0,333.0,778.0,105.0,0,350.0,190.0,3.0,0,86.0,0,0,2.0,30.0,0,0,67.0,56.0,1.0,5.0,0,0,99.0,0,0,0,0,0,1.0,0,0,0,0,0,0,0,0,0,0,0,0,0,0,0,0,0,0,0,0,0,0,0,0,0,0
2014.0,10.0,0,0,0,100.0,732.0,407.0,34.0,315.0,67.0,197.0,1489.0,485.0,38.0,0,438.0,82.0,7.0,0,125.0,0,0,3.0,47.0,0,0,48.0,70.0,0,8.0,0,0,98.0,0,0,0,0,0,4.0,0,0,1.0,0,0,0,0,0,0,0,0,0,0,0,0,1.0,0,0,0,0,0,0,0,0,0,0
2014.0,11.0,0,0,0,72.0,763.0,377.0,49.0,781.0,43.0,111.0,366.0,601.0,414.0,0,70.0,75.0,14.0,0,18.0,0,0,19.0,17.0,0,0,35.0,63.0,0,6.0,0,0,66.0,0,0,0,0,0,7.0,0,0,0,0,0,0,0,0,0,0,0,0,0,0,0,0,0,0,0,0,0,0,0,0,0,0
2014.0,12.0,0,0,0,38.0,705.0,448.0,427.0,1133.0,51.0,240.0,119.0,884.0,394.0,0,269.0,54.0,1.0,0,16.0,0,0,9.0,15.0,0,0,31.0,51.0,0,0,0,0,69.0,0,0,0,0,0,1.0,0,0,3.0,0,0,0,0,0,0,0,0,0,0,0,0,0,0,0,0,0,0,0,0,0,0,0
2015.0,1.0,0,0,0,58.0,954.0,231.0,166.0,1112.0,97.0,162.0,80.0,1286.0,139.0,0,179.0,32.0,80.0,0,26.0,0,0,0,5.0,0,0,43.0,35.0,3.0,0,0,0,66.0,0,0,0,0,0,7.0,0,0,10.0,0,0,0,0,0,0,0,0,0,0,0,0,0,0,0,0,0,0,0,0,0,0,0
2015.0,2.0,0,0,0,152.0,871.0,271.0,75.0,1228.0,47.0,103.0,424.0,934.0,290.0,0,221.0,0,170.0,0,15.0,0,0,6.0,33.0,0,0,49.0,20.0,1.0,2.0,0,0,65.0,0,0,0,0,0,1.0,0,0,0,0,0,0,0,0,0,0,0,0,0,0,0,0,0,0,0,0,0,0,0,0,0,0
2015.0,3.0,0,0,0,153.0,1904.0,541.0,248.0,1079.0,15.0,272.0,155.0,1082.0,169.0,0,261.0,0,213.0,0,0,0,0,1.0,20.0,0,0,68.0,35.0,0,15.0,0,0,110.0,0,0,0,0,0,6.0,0,0,7.0,0,0,0,0,0,0,0,0,0,0,0,0,0,0,0,0,0,0,0,0,0,0,0
2015.0,4.0,0,1.0,0,89.0,921.0,210.0,161.0,1770.0,13.0,64.0,126.0,868.0,74.0,0,160.0,0,181.0,0,0,0,0,2.0,18.0,0,0,69.0,47.0,0,20.0,0,0,73.0,0,0,0,0,0,0,0,0,0,0,0,0,0,0,0,0,0,0,0,0,0,0,0,0,0,0,0,0,0,0,0,0
2015.0,5.0,0,0,0,18.0,147.0,112.0,202.0,1774.0,37.0,92.0,385.0,324.0,9.0,0,156.0,0,62.0,0,1.0,0,0,4.0,22.0,0,0,47.0,41.0,1.0,3.0,0,0,45.0,0,0,0,0,0,0,0,0,3.0,0,0,0,0,0,0,0,0,0,0,0,0,0,0,0,0,0,0,0,0,0,0,0
2015.0,6.0,0,0,0,22.0,279.0,388.0,199.0,1500.0,61.0,109.0,231.0,880.0,41.0,0,32.0,0,41.0,0,0,0,0,25.0,18.0,0,0,46.0,43.0,2.0,3.0,0,0,89.0,8.0,0,0,0,0,0,0,0,0,0,0,0,0,0,0,0,0,0,0,0,0,0,0,0,0,0,0,0,0,0,0,0
2015.0,7.0,0,0,0,84.0,324.0,225.0,66.0,1962.0,44.0,91.0,128.0,694.0,79.0,0,0,0,53.0,0,0,0,0,25.0,13.0,0,0,59.0,35.0,5.0,0,0,0,191.0,0,0,0,0,0,5.0,0,0,0,0,0,0,0,0,0,0,0,0,0,0,0,0,0,0,0,0,0,0,0,0,0,0
2015.0,8.0,0,0,0,10.0,1234.0,199.0,123.0,1648.0,56.0,193.0,172.0,961.0,118.0,0,0,0,31.0,0,0,0,0,34.0,7.0,0,0,31.0,29.0,6.0,2.0,0,0,227.0,1.0,0,0,0,0,2.0,0,0,0,0,0,0,0,0,0,0,0,0,0,0,0,0,0,0,0,0,0,0,0,0,0,0
2015.0,9.0,0,0,0,83.0,1946.0,128.0,185.0,1742.0,24.0,173.0,282.0,547.0,258.0,0,0,0,18.0,0,0,0,0,7.0,10.0,2.0,0,19.0,39.0,6.0,3.0,0,0,141.0,0,0,0,0,0,7.0,0,0,0,0,0,0,0,0,0,0,0,0,0,0,0,0,0,0,0,0,0,0,0,0,0,0
2015.0,10.0,0,2.0,0,62.0,2383.0,32.0,100.0,3070.0,98.0,138.0,175.0,410.0,147.0,0,0,0,28.0,0,0,0,0,13.0,14.0,0,0,79.0,30.0,6.0,10.0,0,0,239.0,1.0,0,0,0,1.0,8.0,0,0,0,0,0,0,0,0,0,0,0,0,0,0,0,0,0,0,0,0,0,0,0,0,0,0
2015.0,11.0,0,2.0,0,148.0,2313.0,162.0,74.0,2128.0,85.0,85.0,127.0,296.0,142.0,0,0,0,20.0,0,0,0,0,87.0,25.0,0,0,22.0,19.0,8.0,0,0,1.0,231.0,5.0,0,0,0,0,10.0,0,0,0,0,0,0,0,0,0,0,0,0,0,0,0,0,0,0,0,0,0,0,0,0,0,0
2015.0,12.0,0,0,0,106.0,2600.0,23.0,70.0,1580.0,73.0,138.0,45.0,551.0,53.0,0,0,0,130.0,0,0,0,0,22.0,4.0,0,0,28.0,42.0,8.0,3.0,0,1.0,219.0,22.0,0,47.0,0,0,0,0,0,0,0,0,0,0,0,0,0,0,0,0,0,0,0,0,0,0,0,0,0,0,0,0,0
2016.0,1.0,0,0,0,116.0,1893.0,206.0,265.0,2323.0,104.0,510.0,248.0,746.0,22.0,0,0,0,67.0,0,0,0,0,47.0,2.0,0,0,6.0,17.0,1.0,9.0,0,0,289.0,10.0,0,79.0,0,0,13.0,0,0,0,0,0,0,0,0,0,0,0,0,0,0,0,0,0,0,0,0,0,0,0,0,0,0
2016.0,2.0,0,1.0,0,196.0,812.0,48.0,387.0,2648.0,82.0,136.0,178.0,941.0,56.0,0,0,0,170.0,0,0,0,0,43.0,7.0,0,0,23.0,24.0,7.0,17.0,0,0,339.0,7.0,0,78.0,0,0,2.0,0,0,0,0,0,0,0,0,0,0,0,0,0,0,0,0,0,0,0,0,0,0,0,0,0,0
2016.0,3.0,0,0,0,169.0,579.0,46.0,270.0,2182.0,96.0,246.0,281.0,680.0,121.0,0,0,0,137.0,0,0,0,0,54.0,15.0,0,0,27.0,14.0,0,25.0,0,0,126.0,100.0,0,116.0,0,0,17.0,0,0,0,0,0,0,0,0,0,0,0,0,0,0,0,0,0,0,0,0,0,0,0,0,0,0
2016.0,4.0,0,0,0,106.0,1.0,26.0,529.0,2282.0,58.0,553.0,133.0,958.0,148.0,0,0,0,61.0,0,0,0,0,33.0,10.0,1.0,0,20.0,33.0,1.0,12.0,0,0,202.0,114.0,0,164.0,0,0,7.0,0,0,0,0,0,0,0,0,0,0,0,0,0,0,0,0,0,0,0,0,0,0,0,0,0,0
2016.0,5.0,0,49.0,0,23.0,0,37.0,765.0,1613.0,109.0,455.0,329.0,471.0,188.0,0,0,0,308.0,0,0,0,0,59.0,7.0,0,0,43.0,42.0,7.0,6.0,0,0,185.0,146.0,0,129.0,0,0,1.0,0,0,0,0,0,0,0,0,0,0,0,0,0,0,0,0,0,0,0,0,0,0,0,0,1.0,0
2016.0,6.0,0,886.0,0,48.0,0,26.0,783.0,1024.0,33.0,376.0,185.0,184.0,320.0,0,0,0,384.0,0,0,0,0,110.0,12.0,16.0,0,48.0,33.0,18.0,40.0,0,0,166.0,28.0,0,171.0,0,4.0,0,0,0,0,0,0,0,0,0,0,0,0,0,0,0,0,0,0,0,0,0,0,0,0,0,0,0
2016.0,7.0,0,1493.0,0,66.0,20.0,15.0,315.0,1180.0,17.0,156.0,52.0,584.0,290.0,0,0,0,350.0,0,0,0,0,79.0,16.0,31.0,0,32.0,40.0,7.0,26.0,0,0,148.0,1.0,0,119.0,0,5.0,12.0,0,0,0,0,0,0,0,0,0,1.0,0,0,0,0,0,0,0,0,0,0,0,0,0,0,0,0
2016.0,8.0,0,2673.0,0,42.0,5.0,18.0,181.0,1186.0,52.0,362.0,250.0,27.0,321.0,0,0,0,206.0,0,0,0,0,9.0,14.0,33.0,0,42.0,35.0,18.0,4.0,0,0,171.0,15.0,0,99.0,72.0,0,8.0,0,0,0,0,0,0,0,0,0,0,0,0,0,0,0,0,0,0,0,0,0,0,0,0,0,0
2016.0,9.0,0,174.0,0,2.0,0,15.0,537.0,1309.0,43.0,181.0,440.0,284.0,315.0,0,0,0,176.0,0,1.0,0,0,35.0,11.0,33.0,0,9.0,35.0,39.0,18.0,0,0,113.0,36.0,1.0,162.0,0,0,35.0,0,0,0,0,0,0,0,0,0,0,0,0,0,0,0,0,0,0,0,0,0,0,0,0,0,0
2016.0,10.0,0,1222.0,0,40.0,2.0,101.0,1333.0,2342.0,27.0,133.0,227.0,453.0,363.0,0,0,0,213.0,0,0,0,0,3.0,3.0,29.0,0,42.0,13.0,1.0,23.0,0,0,111.0,21.0,0,72.0,0,0,18.0,0,0,0,0,0,0,0,0,0,2.0,0,0,0,0,0,0,0,0,0,0,0,0,0,0,0,0
2016.0,11.0,0,2323.0,0,0,4.0,24.0,1498.0,807.0,23.0,38.0,67.0,446.0,370.0,0,0,0,176.0,0,0,0,0,10.0,33.0,30.0,0,36.0,38.0,2.0,23.0,0,0,66.0,5.0,3.0,12.0,0,5.0,36.0,0,0,0,0,0,0,0,0,0,2.0,0,0,0,0,0,0,0,0,0,0,0,0,0,0,0,0
2016.0,12.0,0,4301.0,0,0,13.0,52.0,1259.0,442.0,92.0,112.0,184.0,271.0,247.0,0,0,0,193.0,0,1.0,0,0,5.0,27.0,9.0,0,16.0,34.0,1.0,5.0,0,0,97.0,16.0,1.0,99.0,8.0,10.0,4.0,0,0,0,0,0,0,0,0,0,2.0,0,0,0,0,0,0,0,0,0,0,0,0,0,0,0,0
2017.0,1.0,0,3482.0,0,2.0,0,31.0,3129.0,842.0,114.0,357.0,224.0,533.0,203.0,0,0,0,340.0,0,1.0,0,0,22.0,42.0,31.0,0,31.0,94.0,0,14.0,0,0,0,2.0,6.0,55.0,0,3.0,17.0,0,0,0,0,0,0,0,0,0,1.0,0,0,0,0,0,0,0,0,0,0,0,1.0,0,0,0,0
2017.0,2.0,0,3472.0,0,2.0,0,50.0,2918.0,916.0,99.0,30.0,75.0,833.0,136.0,0,0,0,177.0,0,0,0,0,18.0,10.0,32.0,0,52.0,83.0,0,21.0,0,0,1.0,15.0,6.0,45.0,0,3.0,11.0,0,0,0,0,0,0,0,0,0,1.0,0,0,0,0,0,0,0,0,0,0,0,0,0,0,0,0
2017.0,3.0,0,5364.0,0,17.0,0,106.0,2291.0,877.0,125.0,24.0,146.0,821.0,333.0,0,0,0,239.0,0,0,0,0,32.0,10.0,20.0,0,55.0,29.0,0,11.0,0,0,1.0,1.0,0,85.0,0,3.0,0,0,0,0,0,0,0,0,0,0,0,0,0,0,0,0,0,0,0,0,0,0,0,0,0,0,0
2017.0,4.0,0,4113.0,0,16.0,5.0,43.0,1720.0,911.0,145.0,422.0,137.0,606.0,343.0,0,0,0,137.0,0,0,0,0,11.0,14.0,21.0,0,29.0,48.0,0,6.0,0,0,1.0,0,0,51.0,0,6.0,0,0,0,0,0,0,0,0,0,0,0,0,0,0,0,0,0,0,0,0,0,0,0,0,0,0,0
2017.0,5.0,0,4496.0,0,16.0,1.0,181.0,854.0,775.0,104.0,193.0,105.0,736.0,345.0,0,0,0,331.0,0,0,0,0,32.0,42.0,9.0,0,29.0,47.0,0,0,0,0,17.0,0,0,16.0,0,0,0,0,0,0,0,0,0,0,2.0,0,0,0,0,0,0,0,0,0,0,0,0,0,0,0,0,0,0
2017.0,6.0,0,4082.0,0,36.0,0,46.0,1666.0,669.0,117.0,43.0,56.0,850.0,269.0,0,0,0,402.0,0,1.0,0,0,26.0,32.0,14.0,0,12.0,82.0,17.0,14.0,0,0,7.0,0,1.0,58.0,0,6.0,0,0,0,0,0,0,0,0,1.0,0,0,0,0,0,0,0,0,0,0,0,0,0,0,0,0,0,0
2017.0,7.0,0,3528.0,0,8.0,0,31.0,602.0,614.0,106.0,64.0,115.0,1279.0,281.0,0,0,0,854.0,0,0,0,0,15.0,21.0,17.0,0,45.0,52.0,15.0,19.0,0,0,3.0,0,0,97.0,0,0,0,0,0,0,0,0,0,0,0,0,0,0,0,0,0,0,0,0,0,0,0,0,0,0,0,0,0
2017.0,8.0,0,4977.0,0,38.0,0,39.0,738.0,550.0,119.0,284.0,139.0,1240.0,291.0,0,0,2.0,964.0,0,0,0,0,107.0,31.0,23.0,0,33.0,78.0,2.0,4.0,0,0,27.0,0,0,51.0,0,5.0,0,0,0,0,0,0,0,0,0,0,0,0,0,0,0,0,0,0,0,0,0,0,0,0,0,0,0
2017.0,9.0,0,5278.0,0,0,0,48.0,83.0,506.0,119.0,117.0,52.0,485.0,295.0,0,0,0,771.0,0,0,0,0,27.0,15.0,0,0,43.0,85.0,0,14.0,0,0,4.0,0,2.0,49.0,0,0,0,0,0,0,0,0,0,0,0,0,0,0,0,0,0,0,0,0,0,0,0,0,0,0,0,0,0
2017.0,10.0,0,4451.0,0,2.0,0,7.0,308.0,617.0,141.0,264.0,92.0,565.0,303.0,0,0,0,556.0,0,0,0,0,24.0,10.0,0,0,55.0,39.0,0,3.0,0,0,1.0,0,4.0,75.0,0,0,2.0,0,0,0,0,0,0,0,4.0,0,0,0,0,0,0,0,0,0,0,0,0,0,0,0,0,0,0
2017.0,11.0,0,6771.0,0,51.0,0,19.0,246.0,551.0,119.0,136.0,61.0,469.0,290.0,0,0,0,638.0,0,0,0,0,35.0,17.0,0,0,31.0,81.0,5.0,0,0,0,10.0,0,0,85.0,0,5.0,1.0,0,0,0,0,0,0,0,8.0,0,0,0,0,0,0,0,0,0,0,0,0,0,0,0,0,0,0
2017.0,12.0,0,6407.0,0,122.0,0,9.0,163.0,253.0,76.0,29.0,41.0,328.0,240.0,0,0,0,471.0,0,0,0,0,17.0,13.0,0,0,30.0,64.0,2.0,0,0,0,7.0,0,0,61.0,0,2.0,5.0,0,0,0,0,0,0,0,1.0,0,0,0,0,0,0,0,0,0,0,0,0,0,0,0,0,0,0
2018.0,1.0,0,7825.0,0,78.0,0,118.0,332.0,739.0,205.0,164.0,110.0,696.0,286.0,0,0,0,529.0,0,0,0,0,35.0,39.0,10.0,0,59.0,32.0,14.0,0,0,0,5.0,4.0,3.0,102.0,0,0,4.0,0,0,0,0,0,0,0,0,0,0,0,0,0,0,0,0,0,0,0,0,0,0,0,0,0,0
2018.0,2.0,0,5840.0,0,21.0,0,180.0,120.0,663.0,120.0,291.0,27.0,611.0,233.0,0,5.0,0,138.0,0,0,0,0,13.0,19.0,40.0,0,34.0,12.0,11.0,0,0,0,18.0,8.0,0,52.0,0,0,0,0,0,0,0,0,0,0,0,0,0,0,0,0,0,0,0,0,0,0,0,0,0,0,0,0,0
2018.0,3.0,0,7263.0,0,47.0,0,204.0,287.0,699.0,135.0,37.0,7.0,553.0,339.0,0,35.0,0,113.0,0,0,0,0,17.0,13.0,73.0,0,48.0,34.0,3.0,27.0,0,0,18.0,0,3.0,126.0,0,0,0,0,0,0,0,0,0,0,0,0,0,0,0,0,0,0,0,0,0,0,0,0,0,0,3.0,0,0
2018.0,4.0,0,6039.0,0,19.0,0,191.0,207.0,594.0,147.0,235.0,59.0,630.0,348.0,0,26.0,0,181.0,0,0,0,0,9.0,17.0,63.0,0,35.0,46.0,1.0,6.0,0,0,1.0,0,4.0,94.0,0,1.0,0,0,0,0,0,0,0,0,0,0,0,0,0,0,0,0,0,0,0,0,0,0,0,0,0,0,0
2018.0,5.0,0,7250.0,0,81.0,0,86.0,225.0,692.0,165.0,74.0,127.0,654.0,314.0,0,5.0,0,108.0,0,0,0,0,13.0,6.0,44.0,0,59.0,21.0,8.0,4.0,0,0,20.0,33.0,0,130.0,0,0,0,0,0,0,0,0,0,0,0,0,0,0,0,0,0,0,0,0,0,0,0,0,0,0,0,0,0
2018.0,6.0,0,9209.0,0,46.0,0,394.0,171.0,601.0,173.0,163.0,42.0,402.0,351.0,0,26.0,0,202.0,0,0,0,0,15.0,2.0,44.0,0,4.0,56.0,10.0,1.0,0,0,8.0,3.0,12.0,95.0,0,0,0,0,0,0,0,0,0,0,0,0,0,0,0,0,0,2.0,0,0,0,0,0,0,0,0,0,0,0
2018.0,7.0,0,10128.0,0,367.0,0,131.0,156.0,1309.0,150.0,162.0,70.0,650.0,34.0,0,66.0,0,810.0,0,0,0,0,9.0,2.0,29.0,0,38.0,47.0,1.0,0,0,0,41.0,0,16.0,39.0,0,0,0,0,0,0,0,0,25.0,0,0,0,0,0,0,0,0,0,0,0,0,0,0,0,0,0,0,0,0
2018.0,8.0,0,11858.0,0,294.0,0,386.0,73.0,1697.0,124.0,192.0,114.0,417.0,111.0,0,273.0,0,52.0,0,0,0,0,0,5.0,39.0,0,29.0,56.0,0,0,0,0,53.0,0,4.0,102.0,0,2.0,0,0,0,0,0,0,5.0,0,0,0,0,0,0,0,0,0,0,0,0,0,0,0,0,0,0,0,0
2018.0,9.0,116.0,10046.0,0,160.0,0,245.0,236.0,1129.0,63.0,247.0,104.0,377.0,0,0,202.0,0,20.0,0,0,0,0,26.0,38.0,39.0,0,42.0,43.0,0,0,0,0,91.0,0,3.0,21.0,0,24.0,0,0,0,0,0,0,0,0,0,0,0,0,0,0,0,0,0,0,0,0,0,0,0,0,0,0,0
2018.0,10.0,1696.0,10628.0,0,127.0,0,403.0,278.0,1190.0,44.0,331.0,94.0,427.0,65.0,0,160.0,0,279.0,0,0,0,0,13.0,46.0,45.0,0,45.0,52.0,11.0,0,0,0,43.0,0,4.0,57.0,0,10.0,0,0,0,0,0,0,0,0,0,0,0,0,0,0,0,0,0,0,0,0,0,0,0,0,0,0,0
2018.0,11.0,2456.0,10206.0,0,62.0,0,375.0,344.0,1410.0,50.0,479.0,140.0,285.0,110.0,0,103.0,0,139.0,0,0,0,0,7.0,23.0,29.0,0,34.0,54.0,0,0,0,0,11.0,2.0,1.0,82.0,0,0,1.0,0,0,0,0,0,0,0,0,0,0,0,0,0,0,0,0,0,0,0,0,0,0,0,0,0,0
2018.0,12.0,4861.0,6362.0,0,20.0,0,298.0,361.0,803.0,53.0,125.0,78.0,364.0,164.0,0,39.0,0,143.0,0,0,0,0,15.0,16.0,32.0,0,16.0,19.0,0,0,0,0,13.0,5.0,0,62.0,0,2.0,0,0,0,0,0,0,0,0,0,0,0,0,0,0,0,0,0,0,0,0,0,0,0,0,0,0,0
2019.0,1.0,7975.0,3929.0,0,25.0,0,429.0,615.0,2631.0,96.0,233.0,85.0,0,314.0,0,134.0,0,248.0,0,0,0,0,53.0,0,29.0,0,2.0,46.0,0,0,0,0,102.0,0,0,5.0,0,0,0,0,0,0,0,0,0,0,0,0,0,0,0,0,0,0,0,0,0,0,0,0,0,0,0,0,0
2019.0,2.0,7011.0,0,0,13.0,0,316.0,456.0,2010.0,75.0,148.0,54.0,659.0,82.0,0,15.0,0,134.0,0,0,0,0,41.0,11.0,43.0,0,9.0,39.0,3.0,0,0,0,59.0,0,1.0,38.0,2.0,0,1.0,0,0,0,0,0,0,0,0,0,0,0,0,0,3.0,0,0,0,0,0,0,0,0,0,0,0,0
2019.0,3.0,9824.0,0,0,42.0,211.0,444.0,525.0,1278.0,50.0,321.0,53.0,214.0,183.0,0,143.0,0,237.0,0,0,0,0,74.0,13.0,21.0,0,26.0,38.0,3.0,0,0,0,85.0,0,0,45.0,0,0,0,0,0,0,0,19.0,0,0,0,0,0,0,0,0,0,0,0,0,0,0,0,0,0,0,0,0,0
2019.0,4.0,8670.0,0,0,50.0,723.0,392.0,456.0,1168.0,29.0,267.0,89.0,161.0,309.0,0,127.0,0,32.0,0,0,0,0,62.0,5.0,12.0,0,30.0,29.0,0,0,0,0,74.0,15.0,1.0,50.0,0,0,0,0,0,0,0,37.0,0,0,0,0,0,0,0,0,0,0,0,0,0,0,0,0,0,0,0,0,0
2019.0,5.0,10919.0,0,0,11.0,906.0,200.0,236.0,850.0,25.0,87.0,112.0,140.0,67.0,0,194.0,0,38.0,0,0,0,0,22.0,5.0,9.0,1.0,8.0,59.0,1.0,0,0,0,37.0,0,1.0,123.0,0,0,0,0,0,0,0,10.0,0,0,0,0,0,0,0,0,0,0,0,0,0,0,0,0,0,0,0,0,0
2019.0,6.0,13145.0,0,0,32.0,588.0,167.0,280.0,440.0,29.0,84.0,21.0,93.0,256.0,0,190.0,0,45.0,0,0,0,0,12.0,11.0,7.0,0,11.0,35.0,0,0,0,0,71.0,0,1.0,3.0,0,0,0,0,0,0,0,0,0,0,0,0,0,0,0,0,0,0,0,0,0,0,0,0,0,0,0,0,0
2019.0,7.0,17819.0,0,0,33.0,890.0,86.0,294.0,412.0,22.0,262.0,38.0,25.0,373.0,0,176.0,0,51.0,0,0,0,0,22.0,7.0,4.0,0,43.0,105.0,0,0,0,0,62.0,0,1.0,0,0,0,0,0,0,0,0,0,0,0,0,0,0,0,0,0,0,0,0,0,0,0,0,0,0,0,0,0,0
2019.0,8.0,15802.0,0,0,7.0,1072.0,72.0,498.0,832.0,51.0,147.0,77.0,970.0,170.0,0,117.0,0,523.0,0,0,0,0,0,29.0,10.0,0,19.0,74.0,8.0,0,0,0,106.0,0,0,0,0,2.0,0,0,0,0,0,0,0,0,0,0,0,2.0,0,0,0,0,0,0,0,0,0,0,0,0,0,0,0
2019.0,9.0,13706.0,0,0,68.0,919.0,128.0,465.0,578.0,21.0,182.0,65.0,487.0,115.0,0,65.0,0,543.0,0,0,0,0,6.0,6.0,9.0,0,14.0,70.0,1.0,0,0,0,70.0,0,0,0,0,0,0,0,0,0,0,0,0,0,0,0,0,0,0,0,0,0,0,0,0,0,0,0,0,0,0,0,0
2019.0,10.0,12101.0,0,0,43.0,1038.0,242.0,209.0,601.0,17.0,483.0,64.0,568.0,297.0,0,202.0,0,166.0,0,0,0,0,28.0,10.0,16.0,0,37.0,113.0,0,0,0,0,10.0,0,3.0,0,0,0,0,0,0,0,0,0,0,0,0,0,0,0,0,0,1.0,0,0,0,0,0,0,0,0,0,0,0,0
2019.0,11.0,29881.0,0,0,13.0,1788.0,170.0,57.0,528.0,9.0,173.0,27.0,584.0,239.0,0,184.0,0,1.0,0,0,0,0,27.0,10.0,5.0,0,3.0,112.0,3.0,0,0,0,11.0,0,1.0,0,0,6.0,0,0,0,0,0,0,0,0,0,0,0,0,0,0,0,0,0,0,0,0,0,0,0,0,0,0,0
2019.0,12.0,33852.0,0,0,8.0,2308.0,111.0,74.0,455.0,62.0,128.0,37.0,465.0,275.0,0,47.0,0,79.0,0,0,0,0,10.0,14.0,2.0,0,46.0,64.0,1.0,0,0,0,17.0,0,0,0,0,0,0,0,0,0,0,0,0,0,0,0,0,0,0,0,0,0,0,0,0,0,0,0,0,0,0,0,0
2020.0,1.0,30510.0,0,0,8.0,1505.0,72.0,26.0,568.0,60.0,164.0,69.0,556.0,298.0,0,137.0,0,85.0,0,0,0,0,26.0,14.0,40.0,0,60.0,72.0,2.0,0,0,0,20.0,0,10.0,0,0,0,0,0,0,0,0,0,0,0,0,0,0,0,0,0,0,0,0,0,0,0,0,0,0,0,0,0,0
2020.0,2.0,15931.0,0,0,68.0,0,65.0,4.0,830.0,30.0,177.0,79.0,480.0,344.0,0,243.0,0,99.0,0,0,0,0,20.0,8.0,32.0,0,30.0,100.0,0,0,0,0,23.0,0,4.0,0,0,1.0,0,0,0,0,0,0,0,0,0,0,0,0,0,0,0,0,0,0,0,0,0,0,0,0,0,0,0
2020.0,3.0,13264.0,0,0,2.0,1500.0,15.0,23.0,448.0,17.0,188.0,28.0,271.0,146.0,0,56.0,0,29.0,0,0,0,0,37.0,4.0,1.0,0,5.0,43.0,1.0,0,0,0,10.0,0,0,0,0,0,0,0,0,0,0,0,0,0,0,0,0,0,0,0,0,0,0,0,0,0,0,0,0,0,0,0,0
2020.0,4.0,4189.0,0,0,26.0,2095.0,0,0,0,0,0,0,0,0,0,0,0,0,0,0,0,0,9.0,0,0,0,0,0,0,0,0,0,0,0,0,0,0,0,0,0,0,0,0,0,0,0,0,0,0,0,0,0,0,0,0,0,0,0,0,0,0,0,0,0,0
2020.0,5.0,10485.0,0,0,50.0,1991.0,0,0,0,0,0,0,0,0,0,0,0,0,0,0,0,0,10.0,0,0,0,0,0,0,0,0,0,0,0,0,0,0,0,0,0,0,0,0,0,0,0,0,0,0,0,0,0,0,0,0,0,0,0,0,0,0,0,0,0,0
2020.0,6.0,34722.0,0,0,19.0,1949.0,0,9.0,0,0,0,3.0,0,0,0,0,0,130.0,0,0,0,0,9.0,0,0,0,0,0,0,0,0,0,0,0,0,0,0,0,0,0,0,0,0,0,0,0,0,0,0,0,0,0,0,0,0,0,0,0,0,0,0,0,0,0,0
2020.0,7.0,35436.0,0,0,14.0,1569.0,0,12.0,0,0,0,17.0,0,0,0,0,0,471.0,0,0,0,0,21.0,0,0,0,26.0,0,0,0,0,0,0,0,0,0,0,0,0,0,0,0,0,0,0,0,0,0,0,0,0,0,0,0,0,0,0,0,0,0,0,0,0,0,0
2020.0,8.0,34683.0,0,0,1.0,1183.0,1.0,12.0,0,0,0,48.0,944.0,0,0,0,0,1.0,0,0,0,0,22.0,0,0,0,40.0,2.0,0,0,0,0,0,0,0,0,0,0,0,0,0,0,0,0,0,0,0,0,0,0,0,0,0,0,0,0,0,0,0,0,0,0,0,0,0
2020.0,9.0,41774.0,0,0,2.0,203.0,28.0,20.0,0,0,0,25.0,336.0,0,0,0,0,9.0,0,0,0,0,14.0,0,1.0,0,54.0,57.0,1.0,0,0,0,0,0,0,0,0,0,0,0,0,0,0,0,0,0,0,0,0,0,0,0,0,0,0,0,0,0,0,0,0,0,0,0,0
2020.0,10.0,41082.0,0,0,53.0,585.0,14.0,5.0,402.0,0,327.0,39.0,0,0,0,14.0,0,15.0,0,0,0,0,32.0,0,0,0,15.0,26.0,6.0,0,0,0,0,0,3.0,0,0,0,0,0,0,0,0,0,0,0,0,0,0,0,0,0,0,0,0,0,0,0,0,0,0,0,0,0,0
2020.0,11.0,39559.0,0,0,43.0,1063.0,11.0,6.0,1035.0,0,424.0,27.0,0,0,0,70.0,0,3.0,0,0,0,0,8.0,0,0,0,11.0,20.0,3.0,0,0,0,0,0,4.0,7.0,0,0,0,0,0,0,0,0,0,0,0,0,0,0,0,0,0,0,0,0,0,0,0,0,0,0,0,0,0
2020.0,12.0,32082.0,0,0,61.0,160.0,0,1.0,0,0,0,15.0,5.0,0,0,0,0,0,0,0,0,0,1.0,0,0,0,10.0,9.0,3.0,0,0,0,0,0,0,0,0,0,0,0,0,0,0,0,0,0,0,0,0,0,0,0,0,0,0,0,0,0,0,0,0,0,0,0,0
2021.0,1.0,38581.0,0,0,1.0,426.0,3.0,6.0,0,0,31.0,25.0,254.0,0,0,175.0,0,11.0,0,0,0,0,24.0,0,1.0,0,34.0,0,0,0,0,0,0,0,0,7.0,0,0,0,0,0,0,0,0,0,0,0,0,0,0,0,0,0,0,0,0,0,0,0,0,0,0,0,0,0
2021.0,2.0,33233.0,0,0,10.0,13.0,0,24.0,0,0,52.0,118.0,294.0,0,0,87.0,0,16.0,0,0,0,0,19.0,0,0,0,33.0,12.0,0,0,0,0,0,0,0,5.0,0,0,0,1.0,0,0,0,0,0,0,0,0,0,0,0,0,0,0,0,0,0,0,0,0,0,0,0,0,0
2021.0,3.0,35431.0,0,0,6.0,642.0,1.0,35.0,0,0,297.0,16.0,506.0,0,0,175.0,0,59.0,0,0,0,0,1.0,0,0,0,51.0,21.0,0,0,0,0,0,0,4.0,66.0,0,0,0,0,0,0,0,0,0,0,0,0,0,0,0,0,0,0,0,0,0,0,0,1.0,0,0,0,0,0
2021.0,4.0,21646.0,0,0,0,374.0,0,32.0,0,0,67.0,29.0,502.0,0,0,42.0,0,28.0,0,0,0,0,10.0,0,0,0,30.0,19.0,0,0,0,0,0,0,2.0,86.0,0,1.0,0,0,0,0,0,0,0,0,0,0,0,0,0,0,0,0,0,0,0,0,0,1.0,0,0,0,0,0
2021.0,5.0,29595.0,0,0,5.0,396.0,0,33.0,0,0,26.0,43.0,335.0,0,0,35.0,0,25.0,0,0,0,0,4.0,0,1.0,0,14.0,8.0,0,0,0,0,0,0,0,65.0,0,0,0,0,0,0,0,0,0,0,0,0,0,0,0,0,0,0,0,0,0,0,0,0,0,0,0,0,0
2021.0,6.0,24326.0,0,0,0,407.0,18.0,1.0,0,0,106.0,69.0,343.0,0,0,39.0,0,39.0,0,0,0,0,3.0,0,0,0,49.0,13.0,0,0,0,0,0,0,1.0,52.0,0,0,0,0,0,0,0,0,0,0,0,0,0,0,0,0,0,0,0,0,0,0,0,0,0,0,0,0,0
2021.0,7.0,26075.0,0,0,2.0,902.0,4.0,24.0,150.0,0,30.0,94.0,337.0,0,0,39.0,0,38.0,0,0,0,0,0,0,0,0,34.0,13.0,0,0,0,0,0,0,50.0,40.0,0,0,0,0,0,0,0,0,0,1.0,0,0,0,0,0,0,0,0,0,0,0,0,0,0,0,0,0,0,0
2021.0,8.0,16259.0,0,0,0,763.0,2.0,47.0,226.0,0,0,46.0,401.0,0,0,57.0,0,46.0,0,0,0,0,1.0,0,12.0,0,3.0,8.0,0,0,0,0,0,0,36.0,32.0,0,0,0,0,0,0,0,0,0,0,0,0,0,0,0,0,0,0,0,0,0,0,0,0,0,0,0,0,0
2021.0,9.0,34902.0,0,0,9.0,981.0,0,72.0,28.0,0,9.0,93.0,498.0,0,0,109.0,0,66.0,0,0,0,0,9.0,0,9.0,0,21.0,2.0,0,0,0,0,0,0,56.0,123.0,0,1.0,0,0,0,0,0,0,0,0,0,0,0,0,0,0,0,0,0,0,0,0,0,0,0,0,0,0,0
2021.0,10.0,36592.0,0,0,0,693.0,32.0,105.0,3.0,26.0,4.0,195.0,345.0,0,0,5.0,0,45.0,0,0,0,0,10.0,0,34.0,1.0,11.0,6.0,0,0,0,0,3.0,0,32.0,14.0,0,0,0,0,0,0,0,0,0,0,0,0,0,0,0,0,0,0,0,0,0,0,0,0,0,0,0,0,0
2021.0,11.0,28855.0,0,0,4.0,1006.0,11.0,201.0,0,11.0,3.0,16.0,407.0,0,0,59.0,0,54.0,0,0,0,0,1.0,0,17.0,0,49.0,5.0,0,0,0,0,19.0,0,29.0,0,0,0,0,0,0,0,0,0,0,0,0,0,0,0,0,0,0,0,0,0,0,0,0,0,0,0,0,0,0
2021.0,12.0,18824.0,0,0,4.0,1136.0,63.0,125.0,0,31.0,193.0,4.0,507.0,0,0,13.0,0,97.0,0,0,0,0,13.0,0,0,0,17.0,0,0,0,0,0,18.0,0,32.0,0,0,2.0,0,2.0,0,0,0,0,0,0,0,0,0,0,0,0,0,0,0,0,0,0,0,0,0,0,0,0,0
2022.0,1.0,28312.0,0,0,2.0,1046.0,0,77.0,0,2.0,164.0,4.0,788.0,0,0,105.0,0,42.0,0,0,0,0,20.0,0,0,0,7.0,5.0,2.0,0,0,0,27.0,0,30.0,0,0,0,0,1.0,0,0,0,0,0,0,0,0,0,0,0,0,0,0,0,0,0,0,0,0,0,0,0,0,0
2022.0,2.0,20346.0,0,0,8.0,777.0,46.0,21.0,0,24.0,126.0,117.0,546.0,0,0,83.0,0,32.0,0,0,0,0,2.0,0,1.0,0,7.0,11.0,1.0,0,0,0,17.0,0,12.0,2.0,0,0,0,0,0,0,0,0,0,0,0,0,0,0,0,0,0,0,0,0,0,0,0,0,0,0,0,0,0
2022.0,3.0,32289.0,0,0,1.0,637.0,69.0,63.0,209.0,38.0,134.0,23.0,942.0,0,0,109.0,12.0,59.0,0,0,0,0,10.0,0,0,0,37.0,23.0,0,0,0,0,30.0,0,10.0,0,0,3.0,0,2.0,0,0,0,0,0,0,0,0,0,0,0,1.0,0,0,0,0,0,0,0,0,0,0,0,0,0
2022.0,4.0,10223.0,0,0,1.0,696.0,75.0,57.0,31.0,2.0,79.0,3.0,359.0,0,0,97.0,1.0,49.0,0,0,0,0,9.0,0,1.0,0,20.0,13.0,0,0,0,0,3.0,0,0,0,0,0,0,7.0,0,0,0,0,0,0,0,0,0,0,0,0,0,0,0,0,0,0,0,0,0,0,0,0,0
2022.0,5.0,30123.0,0,0,7.0,472.0,15.0,71.0,349.0,16.0,426.0,3.0,977.0,0,0,90.0,0,114.0,0,0,0,0,37.0,0,2.0,0,20.0,45.0,0,0,0,0,50.0,0,21.0,0,0,0,0,45.0,0,0,0,0,0,0,0,0,0,0,0,2.0,0,0,0,0,0,0,0,0,0,0,0,0,0
2022.0,6.0,28810.0,0,0,0,815.0,0,66.0,508.0,24.0,71.0,1.0,721.0,0,0,0,0,104.0,0,0,0,0,35.0,0,16.0,0,56.0,33.0,0,0,0,0,47.0,0,8.0,0,0,0,0,0,0,0,0,0,0,0,0,0,0,0,0,2.0,0,0,0,0,0,0,0,0,0,0,0,0,0
2022.0,7.0,22063.0,0,0,0,417.0,0,27.0,604.0,21.0,142.0,1.0,0,0,0,3.0,0,112.0,0,0,0,0,30.0,0,5.0,0,26.0,9.0,0,0,0,0,7.0,0,1.0,0,0,0,0,1.0,0,0,0,0,0,0,0,0,0,0,0,0,0,0,0,0,0,0,0,0,0,0,0,0,0
2022.0,8.0,19169.0,0,0,1.0,837.0,31.0,72.0,411.0,10.0,143.0,1.0,0,0,0,20.0,0,95.0,0,0,0,0,15.0,0,11.0,0,41.0,22.0,0,0,0,0,2.0,0,1.0,0,0,5.0,0,0,0,0,0,0,0,0,0,0,0,0,0,4.0,0,0,0,0,0,0,0,0,0,0,0,0,0
2022.0,9.0,1.0,0,0,0,0,0,0,0,0,0,0,0,0,0,0,0,0,0,0,0,0,0,0,0,0,0,0,0,0,0,0,0,0,0,0,0,0,0,0,0,0,0,0,0,0,0,0,0,0,0,0,0,0,0,0,0,0,0,0,0,0,0,0,0
2022.0,10.0,2.0,0,0,0,0,0,0,0,0,0,0,0,0,0,0,0,0,0,0,0,0,0,0,0,0,0,0,0,0,0,0,0,0,0,0,0,0,0,0,0,0,0,0,0,0,0,0,0,0,0,0,0,0,0,0,0,0,0,0,0,0,0,0,0
